Step(mm),回転ずれなし（L: 黒 R: 白）
0,13.12
1,16.14
2,14.98
3,14.18
4,13.67
5,13.12
6,16.20
7,15.38
8,14.46
9,13.66
10,13.18
11,12.92
12,15.65
13,14.79
14,14.08
15,13.33
16,12.95
17,14.04
18,15.14
19,14.29
20,13.57
21,13.16
22,12.71
23,15.64
24,14.69
25,13.95
26,13.27
27,12.81
28,12.60
29,15.14
30,14.23
31,13.49
32,13.02
33,12.60
34,15.53
35,14.78
36,13.85
37,13.18
38,12.81
39,12.47
40,15.26
41,14.17
42,13.40
43,12.88
44,12.53
45,12.31
46,14.61
47,13.97
48,13.30
49,12.73
50,12.44
51,15.15
52,14.19
53,13.50
54,13.00
55,12.48
56,12.26
57,14.87
58,13.80
59,13.29
60,12.62
61,12.32
62,12.63
63,14.34
64,13.58
65,13.01
66,12.47
67,12.22
68,14.88
69,13.89
70,13.23
71,12.67
72,12.29
73,12.18
74,14.41
75,13.57
76,13.06
77,12.55
78,12.22
79,14.56
80,13.93
81,13.18
82,12.75
83,12.34
84,12.14
85,14.34
86,13.61
87,13.05
88,12.58
89,12.23
90,12.10
91,13.98
92,13.29
93,12.87
94,12.37
95,12.16
96,14.44
97,13.76
98,13.14
99,12.54
